{
  "Repeat_0": {
    "scores": {
      "Fold_0": {
        "MAE": 7.9377650995625,
        "MSE": 87.42618288480087,
        "RMSE": 9.350196943637116,
        "MAPE": 13.994854461874876,
        "sMAPE": 12.948512650557516,
        "R2": 0.5236524053053804,
        "Adjusted R2": 0.5020002419101703
      },
      "Fold_1": {
        "MAE": 6.675752567541449,
        "MSE": 62.31659576216891,
        "RMSE": 7.8940861258393245,
        "MAPE": 12.24102040618062,
        "sMAPE": 11.440776715038536,
        "R2": 0.6216420683871977,
        "Adjusted R2": 0.6044439805866157
      },
      "Fold_2": {
        "MAE": 6.294362753737755,
        "MSE": 61.34182480142287,
        "RMSE": 7.832102195542578,
        "MAPE": 10.388778237023837,
        "sMAPE": 9.959934370914636,
        "R2": 0.6576822197891776,
        "Adjusted R2": 0.6421223206886857
      },
      "Fold_3": {
        "MAE": 5.617087149306902,
        "MSE": 43.372125733069744,
        "RMSE": 6.585751721183372,
        "MAPE": 8.554164562731392,
        "sMAPE": 8.595398556113949,
        "R2": 0.6257541414140856,
        "Adjusted R2": 0.6087429660238168
      },
      "Fold_4": {
        "MAE": 6.600223153636428,
        "MSE": 60.38897803013774,
        "RMSE": 7.771034553400065,
        "MAPE": 11.408205660375385,
        "sMAPE": 11.030511904889122,
        "R2": 0.726312920669266,
        "Adjusted R2": 0.7138725988815053
      }
    },
    "cv_results": {
      "Fold_0": {
        "test_reference": [
          74.8,
          55.6,
          74.2,
          74.2,
          53.4,
          79.4,
          66.6,
          46.4,
          43.1,
          45.5,
          49.1,
          85.0,
          64.9,
          63.7,
          61.7,
          78.8,
          83.6,
          56.9,
          80.8,
          43.4,
          77.8,
          63.3,
          45.7,
          60.6
        ],
        "test_prediction": [
          69.25266962670707,
          63.489562494794306,
          77.26580924520786,
          74.67029688036516,
          60.72826664683343,
          77.05165025089144,
          71.84608017584037,
          51.15760253031034,
          60.79842910291224,
          62.27023506044129,
          55.8307372636169,
          73.09308671449864,
          63.69724131002414,
          76.33018463818686,
          67.42354120834153,
          68.89317553885644,
          73.45602796915,
          59.34936571017532,
          72.60595165508265,
          53.938600872221656,
          70.90559983947652,
          69.49815423836428,
          56.6601506212521,
          59.376213810723364
        ],
        "test_prediction_BC": [
          69.11744794926472,
          64.31574101933406,
          75.79383746553712,
          73.63130787451605,
          62.015083907596164,
          75.61540442523811,
          71.27822634898806,
          54.04099577068259,
          62.07354187894099,
          63.29982150623553,
          57.93455924604528,
          72.31720754459823,
          64.48877490252649,
          75.0142935395759,
          67.59345431160283,
          68.81792458220065,
          72.61960302289272,
          60.86621090702753,
          71.9113362433938,
          56.35806861087622,
          70.49463672533255,
          69.3219808746477,
          58.62561005873634,
          60.888580213637006
        ],
        "fold": [
          0,
          0,
          0,
          0,
          0,
          0,
          0,
          0,
          0,
          0,
          0,
          0,
          0,
          0,
          0,
          0,
          0,
          0,
          0,
          0,
          0,
          0,
          0,
          0
        ]
      },
      "Fold_1": {
        "test_reference": [
          65.6,
          83.8,
          43.2,
          65.0,
          55.3,
          42.3,
          69.2,
          46.7,
          74.6,
          67.0,
          46.0,
          69.1,
          57.7,
          68.6,
          52.4,
          42.6,
          52.8,
          41.3,
          72.5,
          52.3,
          69.0,
          79.4,
          46.7,
          74.8
        ],
        "test_prediction": [
          60.89579842561213,
          74.95539306246228,
          58.45028931065294,
          60.92576388464168,
          68.30337542004136,
          45.57994125321338,
          61.596624940144686,
          49.391426855673565,
          66.32183994525556,
          73.92496382675331,
          48.72370344482014,
          73.88831018079226,
          52.52551545817356,
          72.66884042695993,
          68.28713089315987,
          52.615924007991495,
          52.72005577063595,
          48.67666579658015,
          70.26249302804193,
          53.259965387145726,
          65.70786517940451,
          75.93378418713677,
          45.95148653142691,
          65.60225370316925
        ],
        "test_prediction_BC": [
          61.92781246730826,
          73.84654119566792,
          59.854683013950165,
          61.953215061523736,
          68.20743168902003,
          48.94411332126949,
          62.52192355856705,
          52.17522091157688,
          66.52762623234689,
          72.97301625761627,
          51.60917228748084,
          72.94194389213212,
          54.83207929396122,
          71.9081637893778,
          68.19366072945668,
          54.908721260378954,
          54.99699679484651,
          51.569297100188955,
          69.86823286571334,
          55.45469393500065,
          66.0071419033708,
          74.67595190816928,
          49.25908309783213,
          65.91761197250419
        ],
        "fold": [
          1,
          1,
          1,
          1,
          1,
          1,
          1,
          1,
          1,
          1,
          1,
          1,
          1,
          1,
          1,
          1,
          1,
          1,
          1,
          1,
          1,
          1,
          1,
          1
        ]
      },
      "Fold_2": {
        "test_reference": [
          71.5,
          82.1,
          80.3,
          47.9,
          80.5,
          81.7,
          54.8,
          53.3,
          73.6,
          58.3,
          41.7,
          65.3,
          41.6,
          83.0,
          47.3,
          69.7,
          78.0,
          60.5,
          70.8,
          65.4,
          81.0,
          70.4,
          64.7,
          85.0
        ],
        "test_prediction": [
          68.53872485019839,
          73.28326488378858,
          74.03474305127452,
          66.27819722548185,
          78.81683495466494,
          72.84958158580784,
          56.95787487126425,
          57.468072609263565,
          69.89838158834334,
          57.21572210511412,
          56.770818326802846,
          53.27554932128302,
          41.60497052075143,
          83.19598386928773,
          56.263607428118,
          68.61840419083732,
          71.41337648446552,
          61.51018333419481,
          71.51428400384458,
          58.20318295677513,
          78.22975433720217,
          69.00112799899972,
          66.2726629875518,
          76.64681598734713
        ],
        "test_prediction_BC": [
          67.8813656122661,
          71.71506196119225,
          72.32227342670676,
          66.05480783423744,
          76.18631254123912,
          71.3646359843245,
          58.523775209955645,
          58.936026596085966,
          68.97999920707525,
          58.73212164438186,
          58.37262926399094,
          55.5483723433814,
          46.11827901068861,
          79.72476454850135,
          57.96279131201727,
          67.94574833327377,
          70.2041495695521,
          62.20214407394781,
          70.28568514220696,
          59.53001249047421,
          75.71193803838783,
          68.25499788235787,
          66.05033604401198,
          74.43288781867193
        ],