{
  "Repeat_0": {
    "scores": {
      "Fold_0": {
        "MAE": 7.326058332227224,
        "MSE": 74.17142530232128,
        "RMSE": 8.612283396540159,
        "MAPE": 12.744504464999768,
        "sMAPE": 11.900470464447379,
        "R2": 0.5958718673056148,
        "Adjusted R2": 0.5775024067285972
      },
      "Fold_1": {
        "MAE": 6.027985945319955,
        "MSE": 54.40288777893045,
        "RMSE": 7.375831327988083,
        "MAPE": 10.679050239335535,
        "sMAPE": 10.120835210224831,
        "R2": 0.6696904918818514,
        "Adjusted R2": 0.6546764233310265
      },
      "Fold_2": {
        "MAE": 5.20879962001913,
        "MSE": 50.560225909911914,
        "RMSE": 7.110571419366513,
        "MAPE": 8.654977829791644,
        "sMAPE": 8.3015249161789,
        "R2": 0.7178488844036265,
        "Adjusted R2": 0.7050238336947003
      },
      "Fold_3": {
        "MAE": 5.2500218036002755,
        "MSE": 38.24731979543959,
        "RMSE": 6.184441752934503,
        "MAPE": 8.024643151920733,
        "sMAPE": 8.069201436743265,
        "R2": 0.6699746486130729,
        "Adjusted R2": 0.6549734962773035
      },
      "Fold_4": {
        "MAE": 5.553497653174399,
        "MSE": 47.78194914791314,
        "RMSE": 6.91244885318605,
        "MAPE": 9.133322707365743,
        "sMAPE": 8.989290317913989,
        "R2": 0.7834488588216274,
        "Adjusted R2": 0.7736056251317014
      }
    },
    "cv_results": {
      "Fold_0": {
        "test_reference": [
          74.8,
          55.6,
          74.2,
          74.2,
          53.4,
          79.4,
          66.6,
          46.4,
          43.1,
          45.5,
          49.1,
          85.0,
          64.9,
          63.7,
          61.7,
          78.8,
          83.6,
          56.9,
          80.8,
          43.4,
          77.8,
          63.3,
          45.7,
          60.6
        ],
        "test_prediction": [
          69.25266962670707,
          63.489562494794306,
          77.26580924520786,
          74.67029688036516,
          60.72826664683343,
          77.05165025089144,
          71.84608017584037,
          51.15760253031034,
          60.79842910291224,
          62.27023506044129,
          55.8307372636169,
          73.09308671449864,
          63.69724131002414,
          76.33018463818686,
          67.42354120834153,
          68.89317553885644,
          73.45602796915,
          59.34936571017532,
          72.60595165508265,
          53.938600872221656,
          70.90559983947652,
          69.49815423836428,
          56.6601506212521,
          59.376213810723364
        ],
        "fold": [
          0,
          0,
          0,
          0,
          0,
          0,
          0,
          0,
          0,
          0,
          0,
          0,
          0,
          0,
          0,
          0,
          0,
          0,
          0,
          0,
          0,
          0,
          0,
          0
        ]
      },
      "Fold_1": {
        "test_reference": [
          65.6,
          83.8,
          43.2,
          65.0,
          55.3,
          42.3,
          69.2,
          46.7,
          74.6,
          67.0,
          46.0,
          69.1,
          57.7,
          68.6,
          52.4,
          42.6,
          52.8,
          41.3,
          72.5,
          52.3,
          69.0,
          79.4,
          46.7,
          74.8
        ],
        "test_prediction": [
          60.89579842561213,
          74.95539306246228,
          58.45028931065294,
          60.92576388464168,
          68.30337542004136,
          45.57994125321338,
          61.596624940144686,
          49.391426855673565,
          66.32183994525556,
          73.92496382675331,
          48.72370344482014,
          73.88831018079226,
          52.52551545817356,
          72.66884042695993,
          68.28713089315987,
          52.615924007991495,
          52.72005577063595,
          48.67666579658015,
          70.26249302804193,
          53.259965387145726,
          65.70786517940451,
          75.93378418713677,
          45.95148653142691,
          65.60225370316925
        ],
        "fold": [
          1,
          1,
          1,
          1,
          1,
          1,
          1,
          1,
          1,
          1,
          1,
          1,
          1,
          1,
          1,
          1,
          1,
          1,
          1,
          1,
          1,
          1,
          1,
          1
        ]
      },
      "Fold_2": {
        "test_reference": [
          71.5,
          82.1,
          80.3,
          47.9,
          80.5,
          81.7,
          54.8,
          53.3,
          73.6,
          58.3,
          41.7,
          65.3,
          41.6,
          83.0,
          47.3,
          69.7,
          78.0,
          60.5,
          70.8,
          65.4,
          81.0,
          70.4,
          64.7,
          85.0
        ],
        "test_prediction": [
          68.53872485019839,
          73.28326488378858,
          74.03474305127452,
          66.27819722548185,
          78.81683495466494,
          72.84958158580784,
          56.95787487126425,
          57.468072609263565,
          69.89838158834334,
          57.21572210511412,
          56.770818326802846,
          53.27554932128302,
          41.60497052075143,
          83.19598386928773,
          56.263607428118,
          68.61840419083732,
          71.41337648446552,
          61.51018333419481,
          71.51428400384458,
          58.20318295677513,
          78.22975433720217,
          69.00112799899972,
          66.2726629875518,
          76.64681598734713
        ],
        "fold": [
          2,
          2,
          2,
          2,
          2,
          2,
          2,
          2,
          2,
          2,
          2,
          2,
          2,
          2,
          2,
          2,
          2,
          2,
          2,
          2,
          2,
          2,
          2,
          2
        ]
      },
      "Fold_3": {
        "test_reference": [
          78.1,
          53.2,
          55.8,
          73.4,
          69.7,
          75.0,
          59.3,
          60.6,
          82.7,
          54.4,
          78.4,
          76.5,
          59.3,
          76.9,
          80.9,
          78.0,
          77.5,
          69.0,
          83.1,
          65.5,
          60.5,
          41.7,
          64.4,
          72.4
        ],
        "test_prediction": [
          68.82338886467028,
          63.3636185046754,
          61.40260048335604,
          65.30640478355696,
          62.930296829028734,
          76.56152517820843,
          56.292431313817396,
          57.86492233205815,
          74.67409828262512,
          55.321562514058414,
          78.46336193573518,
          73.064050195265,
          68.4710817712411,
          64.63818864369797,
          76.63131887512823,
          74.78437448896882,
          78.34644250164204,
          64.25133070427154,
          86.50578936135294,
          68.64243670150356,
          56.45143846869971,
          49.435782498102405,
          54.938153461860544,
          68.36328091982047
        ],
        "fold": [
          3,
          3,
          3,
          3,
          3,
          3,
          3,
          3,
          3,
          3,
          3,
          3,
          3,
          3,
          3,
          3,
          3,
          3,
          3,
          3,
          3,
          3,
          3,
          3
        ]
      },
      "Fold_4": {
        "test_reference": [
          80.3,
          46.3,
          57.3,
          84.3,
          53.0,
          45.8,
          81.4,
          68.9,
          41.3,
          77.3,
          47.0,
          47.9,
          77.0,
          55.9,
          46.6,
          69.5,
          42.6,
          76.8,
          73.8,
          77.0,
          79.8,
          54.7,
          43.3,
          72.6
        ],